{"proxies":{"de.marcbender.emitterview.TiEmitterViewModule":{"superPackageName":"org.appcelerator.kroll","superProxyBindingClassName":"org.appcelerator.kroll.KrollModuleBindingGen","proxyClassName":"TiEmitterViewModule","proxyAttrs":{"propertyAccessors":[],"fullAPIName":"TiView","name":"TiView","proxyClassName":"de.marcbender.emitterview.TiEmitterViewModule","isTopLevel":false,"id":"de.marcbender.emitterview"},"packageName":"de.marcbender.emitterview","sourceName":"de.marcbender.emitterview.TiEmitterViewModuleBindingGen","isTitaniumSdk":false,"superProxyClassName":"KrollModule","isModule":true,"genClassName":"TiEmitterViewModuleBindingGen","onAppCreate":"onAppCreate"},"de.marcbender.emitterview.ViewProxy":{"superPackageName":"org.appcelerator.titanium.proxy","methods":{"emitImage":{"runOnUiThread":false,"hasInvocation":false,"args":[{"converter":"org.appcelerator.kroll.KrollConverter","defaultValueProvider":"org.appcelerator.kroll.KrollConverter","name":"options","sourceName":"options","type":"org.appcelerator.kroll.KrollDict"}],"apiName":"emitImage","converter":"org.appcelerator.kroll.KrollConverter","defaultValueProvider":"org.appcelerator.kroll.KrollConverter","name":"__default_name__","returnType":"void"}},"superProxyBindingClassName":"org.appcelerator.titanium.proxy.TiViewProxyBindingGen","proxyClassName":"ViewProxy","proxyAttrs":{"propertyAccessors":[],"fullAPIName":"TiView.View","name":"View","proxyClassName":"de.marcbender.emitterview.ViewProxy","isTopLevel":false,"id":"de.marcbender.emitterview.ViewProxy","creatableInModule":"de.marcbender.emitterview.TiEmitterViewModule","parentModule":"org.appcelerator.kroll.annotations.Kroll.DEFAULT"},"packageName":"de.marcbender.emitterview","sourceName":"de.marcbender.emitterview.ViewProxyBindingGen","isTitaniumSdk":false,"superProxyClassName":"TiViewProxy","isModule":false,"genClassName":"ViewProxyBindingGen"}},"modules":{"de.marcbender.emitterview.TiEmitterViewModule":{"apiName":"TiView","createProxies":[{"propertyAccessors":[],"fullAPIName":"TiView.View","name":"View","proxyClassName":"de.marcbender.emitterview.ViewProxy","isTopLevel":false,"id":"de.marcbender.emitterview.ViewProxy","creatableInModule":"de.marcbender.emitterview.TiEmitterViewModule","parentModule":"org.appcelerator.kroll.annotations.Kroll.DEFAULT"}]}}}